Category,Title,Channel,Video Link,Channel Link,Views,Likes,Thumbnail,Duration,Description,Summary
23,한국에서 결혼할 때 생기는 갈등,잠깐밈 - 1분간 재밌게봐,https://www.youtube.com/watch?v=yudChsWp-zk,https://www.youtube.com/channel/UCKDU7mZPRarBm8-8hOgtAFw,3546627,77934,https://img.youtube.com/vi/yudChsWp-zk/hqdefault.jpg,PT58S,#snl #snl코리아 #구구단 #하나 #정상훈 #김준현 #안영미 #결혼준비,우리 둘이 행복한 결혼 하고 싶다고 해서 스몰 웨딩 하려고 생각 중이다 우리 둘이 행복한 결혼 하고 싶다고 하니 보여주기 시 말고 그냥 우리 둘이 행복한 결혼 하고 싶다고 했다 지랄하고 자빠졌네 아주 지랄하고 자빠졌다 아주 지랄하고 있다
22,여자가 시계를 보고 남편에게 화낸 이유 #shorts  #남편 #의사,썰공주,https://www.youtube.com/watch?v=NKjpxhSK-M0,https://www.youtube.com/channel/UCPRP0Yt9IH_emCymNrX4-dw,748632,24043,https://img.youtube.com/vi/NKjpxhSK-M0/hqdefault.jpg,PT32S,#shorts,남녀가 거사를 치르고 있었는데 여자가 남자의 머리 위에 거대한 시계가 떨어지는 것을 보고 시계 시계라고 하자 남자는 더 세게 하였다 결국 거대한 시계가 떨어져 남녀는 시계에 깔려 죽었다.
23,[빵빵이의 일상] 옥지의 유혹,빵빵이의 일상,https://www.youtube.com/watch?v=tmfVyV26vcs,https://www.youtube.com/channel/UCI2T1_bAtgnKKzfhw3Qib9w,1372309,61759,https://img.youtube.com/vi/tmfVyV26vcs/hqdefault.jpg,PT1M,"기획/대본: 이주용, 장예빈
애니메이션: 이주용, 허영현, 하현준, 김민석, 윤준식, 황보현정
배경/3D: 추헌주, 강민주",주인장 오줌 싸러 갔어요 그럼 네가 말아봐 내가 깔라는 콤 달콤한 건 붕어빵 착착착 개판이구만 뭐라 했냐 씨발놈 이렇게 하는 거 이렇게 하는 거 이렇게 자 행복해 
24,갱생불가 나락 가버린 계모랑 여동생 #shorts #완벽한결혼의정석,MBN Drama,https://www.youtube.com/watch?v=Sl4OOHnvg50,https://www.youtube.com/channel/UCLqecwv-NjFSJ4gNwUunhTA,597721,8489,https://img.youtube.com/vi/Sl4OOHnvg50/hqdefault.jpg,PT46S,"MBN 주말 미니시리즈 ＜완벽한 결혼의 정석＞ l 회귀 로맨스 복수극

☞ MBN ENT : https://www.youtube.com/@MBN_Entertainment
☞ MBN DRAMA : https://www.youtube.com/@Drama_MBN",이주가 준 서류는 다 가짜라고 이주가 준 거 아니라고 내가 직접 검사한 거라고 이주가 정말로 내 친딸이라고 그게 무슨 소리야 말이 안 된다 말이 안 된다 말이 안 된다 말이 안 된다 말이 안 된다 말이 안 된다.
22,길바닥에 꽁초 버리는 사람 참교육 하기 #shorts #힘쎈여자도봉순 #박보영 #박형식,1분드라마모음zip,https://www.youtube.com/watch?v=lyotKRJm7TI,https://www.youtube.com/channel/UCxr89be3loUcLGYCAIcj-yw,1038972,18359,https://img.youtube.com/vi/lyotKRJm7TI/hqdefault.jpg,PT58S,#shorts #힘쎈여자도봉순 #힘쎈여자강남순 #박보영 #박형식,아저씨들이 담배 공초 버리지 말라는데도 아저씨들이 담배 공초 버리지 말라는데도 계속 버렸어요 아씨이라 이씨 따아 빨리가 닦아이 미 따까 왜 어때 들어와 어 빨리 쳐 어 빨리 쳐
22,태권도 5단 이수근의 발차기 실력ㄷㄷ #shorts,1분예능모음zip,https://www.youtube.com/watch?v=ldtuYSf_hnU,https://www.youtube.com/channel/UC8pqfCpRwtOeVG3lfvlkb9w,627777,7358,https://img.youtube.com/vi/ldtuYSf_hnU/hqdefault.jpg,PT31S,#shorts #이수근 #김희철 #이상민 #서장훈 #강호동 #아는형님,수근형 이런 거 잘해 발이 더 안 나와 발은 9천 나와야 한다 손으로 발 더 발 손으로 발 더 발 손으로 발 더 발 손으로 발 더 발 손으로 발 더 발 손은 9천 나와야 한다 DA <extra_id_23> <extra_id_24> <extra_id_25> <extra_id_26> <extra_id_17> 
24,"[sub] 천상계, 인간계 배우의 작품 썰 | 🔥나영석의 지글지글",채널십오야,https://www.youtube.com/watch?v=CCZqax6-QbE,https://www.youtube.com/channel/UCQ2O-iftmnlfrBuNsUUTofQ,1652600,21055,https://img.youtube.com/vi/CCZqax6-QbE/hqdefault.jpg,PT19M57S,"그래그래 형들은 연기만큼 고기도 잘 구워

#채널십오야 #지글지글 #유료광고포함
#황정민 #정우성 #서울의봄",형은 영화를 잘 보기는 하지만 외국 영화는 별로 안 좋아하고 한국 영화는 많이 보는데 그 중 영화 기생충은 잘 못 봤다고 했다.
22,박보영의 사소한 발견이 낳은 예상치 못한 결과ㄷㄷ #정신병동에도아침이와요,숏스핀,https://www.youtube.com/watch?v=pyvdzdxHEm4,https://www.youtube.com/channel/UC1tKpqGb3-iXFRrJDL-AEtA,1159298,29245,https://img.youtube.com/vi/pyvdzdxHEm4/hqdefault.jpg,PT57S,#shorts #정신병동에도아침이와요  #넷플릭스 #박보영 #연우진 #장동윤 #이정은,상태가 호전되고 안되고는 병을 인식하는 것이 중요해 병식이 있는데도 그 병기에 계속 숨어 있다는 건 환자 입장에서도 도움이 안 돼 무슨 일 있으면 연락 달라고 했다.
24,임시완 EP.16 술판에서 신세지면 벌어지는 일?!,짠한형 신동엽,https://www.youtube.com/watch?v=ovKQRA59gC0,https://www.youtube.com/channel/UCikSO7mSQl-lx3BJOBzqA8w,512499,9445,https://img.youtube.com/vi/ovKQRA59gC0/hqdefault.jpg,PT27M52S,"#임시완 #신동엽 #정호철 #아웃백 #소년시대

짠순이, 짠돌이 분들을 아웃백 하우스파티에 초대합니다.💝
연말 기념 아웃백 할인 쿠폰 받으시고
맛있는 스테이크가 사는 집, 아웃백에서 행복한 연말 보내세요! ✨

✅ 일 한정 메뉴 '인피니티 킹마호크 스테이크' 보러가기 https://zrr.kr/JnD9
✅ 입안 풍미 가득 '포터하우스 스테이크' 보러가기 https://zrr.kr/nuoN
✅ 아웃백 하우스파티 2만원 쿠폰 받으러 가기 https://zrr.kr/OYxU



1년 365일 중 360일 짠하는(🍻) 신동엽의
본격 만취 토크쇼!
[짠한형 신동엽]

고품격 게스트와 즐기는 날 것 그대로의 방송(🥂)
신동엽과 짠하시렵니까?

매주 월요일 저녁 6시 새로운 짠 공개!
(가끔 목요일에도 옵니다)
구독 (🍺) 좋아요 (🍷) 알림설정 꼭이요~

이메일 : zzanbro23@gmail.com
인스타그램 : www.instagram.com/zzanbro

※본 영상과 무관한 내용의 댓글과 출연자에 대한 무분별한 욕설, 조롱, 비난 등 악의적인 댓글은 무통보 삭제될 수 있습니다.",아웃백 스테이크 하우스는 두 가지 부위를 함께 즐기는 프리미엄 스테이크로 안심과 채끝 등심을 함께 즐길 수 있다.
1,할배! 화내지 마세요! #국제시장,무비옹,https://www.youtube.com/watch?v=H0Jyz2yMtXo,https://www.youtube.com/channel/UC-uZfUDtjf4XpnZzbWV-Yzg,1538083,26084,https://img.youtube.com/vi/H0Jyz2yMtXo/hqdefault.jpg,PT51S,#shorts #국제시장 #황정민 #김윤진 #오달수 #정진영 #라미란 #김슬기,할배가 화내면 무서워요 기억이 뭐야 오래돼도 잊혀지지 않고 오래돼도 잊혀지지 않는 기억이 있다 할배 화내지 마세요 할배가 화내면 무서워요 할배 화내지 마세요 할배가 화내면 무서워요 
24,"비질란테 명장면, 유지태: 무릎 꿇어 주십시오. 살려는 드릴게",짧은무비,https://www.youtube.com/watch?v=KcJHA5TODoM,https://www.youtube.com/channel/UC3IED80qDRz9Jmc76EJW8vg,1503799,14879,https://img.youtube.com/vi/KcJHA5TODoM/hqdefault.jpg,PT33S,"#shorts #비질란테 #유지태 #드라마 #짧은무비

드라마 '비질란테'는 디즈니플러스에서 시청 가능합니다.

저작권 허가를 받아 제작된 영상입니다.",경찰은 그 자리에 그대로 무릎 꿇어 주십시오 Ah 경찰은 그 자리에 그대로 무릎 꿇어 주십시오 Ah 경찰은 그 자리에 그대로 무릎 꿇어 주십시오 Ah 경찰은 경찰이다 Ah 경찰은 경찰이다
22,잼버리,사우스 코리안 파크 South Korean Park,https://www.youtube.com/watch?v=yzcuMICYe14,https://www.youtube.com/channel/UCM5Ij_HwT8V6xPT9cRBFjJw,1060773,31620,https://img.youtube.com/vi/yzcuMICYe14/hqdefault.jpg,PT2M19S,"★★★★★★★★★★★★★★★★★★★★★
                                                                            
          손정혁 님
          Dohn Joe 님
          정영일 님
          김거유 님
          아르노피부과 님
          오르가즘선물은섹슈얼스토어언시크릿앱다운 님
          야너두잘할수있어19금소셜커뮤니티언시크릿앱 님
          혁이 등급 멤버십 가입 감사합니다!!!
                                                                             
★★★★★★★★★★★★★★★★★★★★★




★ Yongseok Choi, 솔이끼 Sol E – Ki, 표류된느낌, 밍선하 (Ming's Life) ★

★ Joonho Yun, 버터푸딩, 야레코TV[야매레이싱코치], 호타치, 깐돌애비 ★

★ 박형준, 어드밴처치르노, ᄋᄋ, 정육왕권, 존나빨간사춘기, JangYun ★

★ 한영, MangGo, 권나운, Taewoo Kim, JAEHWAN Kim ★

★ 마술가게 칼리형, Berserker Game tv, Maximus, 한패닉, 폭스킹 ★

★ 김치찌개 먹고싶다, Michael Kyung Hyun Ju, 정승언, thd ★

★ 김상훈, nij, 민수네 (주 nutty) 님 로봇 등급 멤버십 가입 감사합니다! ★




지니창, 오선택, 커피, 김연규, 김현석, 생쥐찬, 잡개봉sin, KY Chung, McCummi, 방구향기, al, 콜린토니, 실리, 공기맛금귤, 정민균, 귀순자, 침묵양, 000 000, 엉덩궁둥, 우몽, Caleb Oh, 정동찬, 기면채, 귀여운늑댕, 운디네, 박민성, 홍윤기, 프랜쉽, 양희석, Jin Jin, 1분과학, 김치라면, 박진성, 속도왜건, 유재선, 미누, 잠만보, 정세일, 문광식, 빈배, 내가그린그리그림, 스윗그잡체, 백설, 이세미, 김영빈, hagapaya, 아리아리랑, Bright East L, 태현, Jae Han,  도망쳐정국아, 공감이별건강, 서리풀맛집, 음장어,  , etoilee nuit, 제주갈치(J2_G_C), 유지민, Ham Geon, 에더우, 맛있는로제찜닭, 신노을, 닉값하는 악독도요, 얄타리, 양정훈, Lex, 박시우, 마레플로스 (Mare Flos), Yayuyon, 김청아, 예재윤, 제이메인, K동익, ARIKA, 리루나, 사진찍는보디빌더루플라, 현우 유, ㅇㅈㅇ, 곱게자란자식, 거친숫컷, 조민혁, 박정우, 팡세, 푸헹, 공태훈, 대광고 이청현, 킁킁이, donghyun Lim, 박민석, 미끼, 동동국수, Steven Scanlon, 촉촉감쟈, jm Shim, 킬리안 음바페, 이안, 이뢰혁, Violet Crown, 마계극단, 공빵, LEE JAE HOON, 품앗이, 야구맛홈런볼, 정다배기, 짱가, Antares Black, 성관철, 신태일99번째계정, Jooyoung Kim, Mr. KIM, 이은채, 지지합니다, 서카니요, ㅎㄹ, 도롱뇽, L, 조랭이, 웡둥이, 기다림의비, 마우스필, [벤티칼게임즈 𝑭𝒆𝒏𝒕𝒊𝒄𝒂𝒍𝑮𝑨𝑴𝑬𝑺] - 지메채널, 신민수, 밍봉, 락톨, Jay Kim, 고양이는멍멍울어, 박씨, 다니엘시원, 포카칩, 심명보, 제호.7, 효송, 최해솔, JUNES 준수, 함호건, mental iReyZeR, 한번 병신은영원한 병신, 주지연, 타르가르옌, 마리스, 딸기감자탕돈까스, 얼굴온난화상태, GH Min, 보라, Joseph Lee, 현진 이, 왕감자, 킹 아이스크림 슨, Alex Kim, 아우으, 염경민, 김민성(haemi), 김근호, 스누그, 찌밍갱, 최혁진, 원딜왕자 김동현, 파니파파, 야호, 물살루트 불살루트, 곽태근, 귤빵, 이류설, 상겨자, Roy, 김정우, Poker03, 서울대학교 전기정보공학과 23학번 일동, 플누리, 이사랑, 멩멩이, 유냥, 김요한, Hyemi Jeong, ㅇㄹㅋ, 이원준, 오미누기, NPC, 리무김, 정희진, 전인배, 강시우, 김동효, 김민준, 놀란스티브, 짭죠, 인데르나 님 서준이 등급 멤버십 가입 감사합니다!",프로그램 진행 도중 호흡곤란이나 발작 또는 정신적 육체적 부담으로 인한 임명 피해가 발생하더라도 그 책임은 프로그램 참여자 측 이하을에 귀속되어 주차 측에 어떠한 법적 효력도 발생시키지 않은 것에 동의하십니까 라고 한다.
22,북한사람이 남한에 와서도 참지 못한 바로 '그 짓' #사랑의불시착,숏캉스,https://www.youtube.com/watch?v=A8ib19J4YTw,https://www.youtube.com/channel/UCwTYydeHYRVN1K544Vbn4lA,893758,20193,https://img.youtube.com/vi/A8ib19J4YTw/hqdefault.jpg,PT58S,#shorts #사랑의불시착 #현빈 #손예진 #서지혜 #김정현 #황우슬혜,세리가 깨어난 소식에 달려오는 중대원들 침대에 있는 도청장치를 떼는데 무슨 일이 생겨 먹 갈지 걱정이 돼서 다양한 정을 입수하게 된다 
1,조선시대 양반집 아씨가 23년도 현대 서울로 시간이동해 거지로 살아간다?ㅠ 하지만 그녀는 천재디자이너의 재능을 가졌다! [열녀박씨 계약결혼뎐],고몽,https://www.youtube.com/watch?v=wgUpBRYj8oo,https://www.youtube.com/channel/UCpcft4FJXgUjnxWoQYsl7Ug,2257761,14678,https://img.youtube.com/vi/wgUpBRYj8oo/hqdefault.jpg,PT49M39S,"MBC [열녀박씨 계약결혼뎐] 1-2회를 다루고 있습니다.
이 영상은 MBC의 저작권 허가를 받고 제작,업로드 되었습니다. 
#유료광고 #열녀박씨계약결혼뎐 #금토오후9시50분",연우는 자신이 하고 싶은 일을 하며 살고 싶었지만 조선을 떠나 자유롭게 살고 싶었지만 연우는 자신이 만든 옷이 발각되면서 도망자 신세가 되었다 연우는 도망친 자들을 못 보고 도망쳤다 다시 도망쳤다
24,"겨울 3대장 : 눈, 크리스마스, 그리고 방어 (feat. 대한민국 축제 총정리) | 대표자 ep.12",ootb STUDIO,https://www.youtube.com/watch?v=VR6QMQI-vSs,https://www.youtube.com/channel/UCRmm8763aqO0CoeLCA2jNSA,653810,8750,https://img.youtube.com/vi/VR6QMQI-vSs/hqdefault.jpg,PT33M35S,"노는 게 제일 좋아~🐧🎶
우리나라 최고의 축제 부심 지역을 가리기 위해 7개 지역 대표자가 모였다

겨울 제철 제주방어축제부터 보령머드축제, 서울세계불꽃축제까지🎇🎆
축제에 관한 모든 것을 털었다!
과연 대한민국 최고의 축제 부심 지역은?

살아본 자들만 알 수 있는 지역 꿀팁을 담은
2023 본격 지역 부심 배틀 토크쇼

🇰🇷 지역을 대표하는 자들 [대표자]
🇰🇷 매주 화요일 오후 6시

#ootbSTUDIO #강현석 #나선욱 #미르 #신규진 #오킹 #유희관 #홍상표 #대표자

평소 채소 안 먹는 아기 입맛 손!🙋‍♀️🙋‍♂️
한 알에 국내산 채소가 한가득
삼대오백 양배추&브로콜리&미나리 
30알 1박스 7,900원 초특가!
👉 https://bit.ly/3QSkKJq

※ 본 영상과 무관한 내용의 댓글과 제3자에 대한 무분별한 욕설, 조롱, 비난 등 악의적인 댓글은 무통보 삭제될 수 있습니다.",충청도 사람들은 영화제에 가면 영화를 볼 때 슬픔이나 웃음을 적극적으로 표현하는데 영화제가 끝나면 부산 국제 코미디 페스티벌에 가서 영화를 보면 관객들이 많이 볼 수 있다.
22,같은 신발 10년 신었던 딸의 포효 #응답하라1988,숏스타,https://www.youtube.com/watch?v=MUg2K6M_Ots,https://www.youtube.com/channel/UC2KXAcRiWfZ0fl14cnoomiw,594424,10712,https://img.youtube.com/vi/MUg2K6M_Ots/hqdefault.jpg,PT1M,.,엄마 아빠가 친구 누구 만난다고 이때까지 안 나 우리한테 빌려줄 돈이 어디어 걱정하지 말고 밥에 나으라 진짜 내 신발이야 엄마니 고서 올라가면 새 운동 안나 사준다 주나 엄마 그럼 나 아티스트 버려도 돼 오해 아냐 오해 아냐 오해 아냐 오해 아냐 오해 아냐 오해 아냐 <extra_id_23>
23,도를 믿으십니까 퇴치법 ㅋㅋ #shorts #유머짤시리즈,김켈리 Kellyfornia,https://www.youtube.com/watch?v=XpVXGxOEK8c,https://www.youtube.com/channel/UCmjjgsm51PYMPf5REDylbSA,573302,30815,https://img.youtube.com/vi/XpVXGxOEK8c/hqdefault.jpg,PT28S,도를 믿으십니까 퇴치법 ㅋㅋㅋ,돌을 믿은 신나는 남자가 말을 걸었다 학생 등 뒤에 할아버지가 붙어 있다 난 사람을 골려 주려고 말을 걸었다 아 돌아가신 할아버지인데 죽은 사람을 업고 다니면 위험하다고 신경 쓰지 말라고 말했다
22,고마웠어 우리사위 #shorts,너두번본거야,https://www.youtube.com/watch?v=FVAjoBaF3KQ,https://www.youtube.com/channel/UCjseWPA2RRGtu0HftpNNp9A,593060,7895,https://img.youtube.com/vi/FVAjoBaF3KQ/hqdefault.jpg,PT47S,#드라마 #명장면 #신사의품격 #옛드  #장동건 #김하늘 #김정난,우리 사위 안 보고 살고 싶어 이 집은 죽는 날까지 고맙게 쓰다 돌려 줄게 장모님 덕분에 살찌 했어야죠 힘드신데 저녁은 신경 쓰지 마세요 다 늙고 사위 밥해 주기 힘들다고 제가 잘 할 거예요 고마워 사위 잘 살게 해줄게 고마워 사위 잘 살게 해줄게 고마워 사위 고마워 사위 
24,[SUB] '그'만 사랑하겠습니다 | EP.17 스위트홈2 이진욱&송강 | 살롱드립2,TEO 테오,https://www.youtube.com/watch?v=7B5UwngqBGg,https://www.youtube.com/channel/UC-uIpGINZDL-VIHQQzJW8jw,788016,19425,https://img.youtube.com/vi/7B5UwngqBGg/hqdefault.jpg,PT33M35S,"너무 스윗해서 녹아버릴 것 같아요..🫠
넷플릭스 ‘스위트홈2’ 이진욱&송강!

도연만 보인단 말이야🐎 도연 바라기인줄 알았던 송강과
3대 등장신 주인공에서 오늘부터는 낭만 고양이🐱, 아니 낭만가이 진욱!
누구 하나 거를 타선 없이 웃음x미모 유효타가 넘치다 못해 홈런이요~⚾
웃음을 욕망한다면 오늘도 살롱드립으로 오세홈💗

[살롱드립2] 매주 화요일 오후 6시 테오 유튜브에서 공개
#이진욱 #송강 #스위트홈2 #넷플릭스 #장도연 #살롱드립2 #SalonDrip #TEO #테오

*본 영상과 무관한 내용의 댓글과 출연자에 대한 무분별한 욕설, 비난 및 조롱 등 악의적인 댓글은 무통보 삭제될 수 있습니다. (Hateful comments or indiscriminate swearing, criticism, and ridicule of the cast may be deleted without notice.)

*본 영상은 유료 광고를 포함하고 있습니다. (This video includes sponsored content.)",강이는 사람에 관한 책을 읽으면서 사람들에 대해 알게 되고 자기 자신에 대해 파악하게 되었다.
20,“사랑해” #패러디,근환TV,https://www.youtube.com/watch?v=h1KwuhDiAxg,https://www.youtube.com/channel/UCgq38gWaTm-APf2e78kfDpA,343721,11581,https://img.youtube.com/vi/h1KwuhDiAxg/hqdefault.jpg,PT1M1S,.,돈으로 좋은 사람 만날 수 있을까한테 계속 말을 못했지만 마지막으로 해주고 싶은 말이 있어 사랑해 돈으로 좋은 사람 만날 수 있을까한테 하고 싶은 말이 있어 사랑해 돈으로 좋은 사람 만날 수 있을까한테 하고 싶은 말이 있어 사랑해 
22,여자의 일생이란 #김뢰하,1분컷,https://www.youtube.com/watch?v=9HWxBLx6RWo,https://www.youtube.com/channel/UC1ocEweDNyLNUW74x7Pz3Jw,1051262,13516,https://img.youtube.com/vi/9HWxBLx6RWo/hqdefault.jpg,PT1M,#김뢰하 #카지노 #최민식 #이동휘 #모파상 #여자의일생,무기가 모르는게 너무 많아 수업을 아예 못 따라 옵니다 4학년인데 아직 한글도 잘 못 읽습니다 부모님이 집에서 좀에 글을 가르치셔서 있을 것이다 봐여 유 자 붙여 이의자 가시나 가시나들의 일생 막 가시나들이 사나 막 가시나들이 사나 막 가시나들이 사나 막 가시나들이 사나
10,"내 내일 바쁘다, 오늘 보자 #바람",낭만무비,https://www.youtube.com/watch?v=bWIjI9-4XWU,https://www.youtube.com/channel/UCwZZ6lDeJVJd5Ax_2u5f1bA,888530,10017,https://img.youtube.com/vi/bWIjI9-4XWU/hqdefault.jpg,PT58S,#shorts #바람 #정우 #손호준 #지승현,형님 친구 좀 만나러 왔는데 시비가 붙었는데 마들이 글 수가 많아 갈피가 있어 정상한 저 갈 피고 그러하면 안 돼 어디 있되 삐삐 쳐보겠습니다 형님 화실 없나 여기 있습니다 형님 가자 <extra_id_23>
22,봤네 봤어 #shorts,쇼츠보러갈래,https://www.youtube.com/watch?v=WrNxEnKfWwU,https://www.youtube.com/channel/UC0AetIy0fyqXkCzmx0jdcJw,1144877,20473,https://img.youtube.com/vi/WrNxEnKfWwU/hqdefault.jpg,PT56S,#스케치코미디 #개그 #드립 #웃기시네,샤워를 할 거면 문을 잠그고 노크를 하고 들어왔어야 하는데 문을 잠그고 노크를 하고 들어왔어야 했다.
1,"[서울의 봄] 보기전 필수💥실존인물 +실제역사, 12.12 반란 직후 결말까지 타임라인 총정리 | 황정민 정우성 이성민 김성균 김의성 박해준 정만식 정해인 이준혁 | 일큐육공",1q60 일큐육공,https://www.youtube.com/watch?v=_LtR2KA3yUk,https://www.youtube.com/channel/UCIh431O7x00rZke3oNBuRRA,1034505,12472,https://img.youtube.com/vi/_LtR2KA3yUk/hqdefault.jpg,PT13M1S,"영화 [서울의 봄] 12.12 군사반란 직후 결말까지 타임라인 총정리! 
예습 영상 + 복습까지 완벽 해설 일큐육공 수사팀 출동!

#전두환 #서울의봄 #영화리뷰 

서울경제신문 다큐 시리즈 - 1q60
▶구독하러 가기 @1q60_official",영화 서울의 봄은 박정희 대통령이 직접 챙기는 조직 하나회를 중심으로 반격을 준비하게 된다 전 씨는 정 씨에게 찾아가 자천 계획을 전했다 그의 말을 듣고 있던 김 씨는 그의 말을 그대로 전했다 그는 쿠데타에 협력하려 했다 한다 했다 한다 
24,🔴 ON AIR 2023 제44회 청룡영화상 생중계 🏆 | The 44rd Blue Dragon Film Awards,KBS Kpop,https://www.youtube.com/watch?v=b7aTQXpGsOU,https://www.youtube.com/channel/UCeLPm9yH_a_QH8n6445G-Ow,1056295,16679,https://img.youtube.com/vi/b7aTQXpGsOU/hqdefault.jpg,PT2H39M40S,"🔴 ON AIR 2023 제44회 청룡영화상 생중계 
일시: 2023년 11월  24일(금) 오후 8시 30분

2023 The 44rd Blue Dragon Film Awards (Live Stream)
DATE: 24 Nov 2023 (Fri) 20:30pm (KST)
Link: https://www.blueaward.co.kr/awards/index.php


#2023청룡영화상 #청룡영화제 #StudioK",청룡 영화상 신인 나무상 홍사빈 씨는 신인 여우상을 수상했다.
23,명탐정 고난 파국으로 치닫는 불청객들,끼발산,https://www.youtube.com/watch?v=-2Z54YCQdPQ,https://www.youtube.com/channel/UCmhyY5A1fH6JLGCrGOUYQCg,229477,12351,https://img.youtube.com/vi/-2Z54YCQdPQ/hqdefault.jpg,PT57S,#끼발산  #명탐정고난 #코미디 #웃긴영상 #shorts,탐정님 도와주세요 딸이 납치 됐는데 4천만 원을 준비하지 않으면 다시에 다 납치 사건이고 딸 인상 차기가 어떻게 되는지 잘 모르겠어요 딸이 없는데 어떻게 납치가 되는지 무서운 거 같아요 탐정님 도와주세요
24,"진짜로 모여버린 강약약약 파김치갱.. ""확 담가버릴까요?"" (feat. 빠니보틀, 곽튜브, 키드밀리) [라면꼰대5] EP.04",the BOB studio | 더 밥 스튜디오,https://www.youtube.com/watch?v=LJrI1BAEZKw,https://www.youtube.com/channel/UCgiO7Kxib0SZEG0DoeuBkdQ,669582,10337,https://img.youtube.com/vi/LJrI1BAEZKw/hqdefault.jpg,PT38M52S,"문제: bts 블랙핑크 파김치갱 let's go 에서 빠져야 할 것은?
정답: let's go

파김치갱..출범과 동시에 월클 라인으로⁉
신생 맛집(?) 갱 출범식에 오신 여러분을 환영합니다..


[라면꼰대 시즌5]
📌 더 다채로운 라면의 숨결을 찾아서...
📌 매주 (화) 오후 6시 공개

00:00 진짜로 모여버린 파김치갱
01:59 예상을 벗어난 크루원들의 등장 
05:28 기정사실화 되어있던 소속감
11:23 감투 욕심
17:46 무기 증정식
22:11 갱스럽게 거리를 누비며 클럽으로
25:02 어디 김치 한번 담가봐?!
31:28 어디라도 진출하는 파김치갱
34:50 네가 행복하다면 됐어..
38:18 적진을 기습하고 훈련받는 파김치갱!

🥘 본 영상은 두찜의 유료 광고를 포함하고 있습니다 🥘

더밥스튜디오 구독하기 👉 @thebobstudioofficial  
#THEBOB #더밥스튜디오 #라면꼰대 #라면꼰대5",파김치 갱은 조직의 위계질서가 중요하기 때문에 초대 회장은 제가 가기로 했다.
23,SNL4 | 실수가 만든 절묘한 오해ㅋㅋ,예능엑기스,https://www.youtube.com/watch?v=o8BFBq4iUZE,https://www.youtube.com/channel/UCW6pZvZ2ii67XsQHNrPlDPQ,575745,8152,https://img.youtube.com/vi/o8BFBq4iUZE/hqdefault.jpg,PT58S,#snl코리아 #신동엽 #다니엘헤니,동협 시거 대머리야 누가 내 정보를 넘는 거냐고 확실하지 않은 사람한테는 돈을 보여주지 않아 돈 보기 전엔 절대 내 물건 안 보여줘 동협 시거 대머리야 누가 내 정보를 넘는 거냐고 도발을 해 보자 도발을 해 보자 도발을 해 보자 도발을 해 보자 도발 도
23,아내의 속마음 #유머#shorts #웃긴동영상 #웃긴,웃썰튜브,https://www.youtube.com/watch?v=Iyken2YzGPE,https://www.youtube.com/channel/UCCNPkAP6-Yts1aU0IT_FMoQ,201468,5130,https://img.youtube.com/vi/Iyken2YzGPE/hqdefault.jpg,PT1M,"#shorts #사연 #썰 #사연라디오
#재미 #재미있는 #이야기 
 #웃긴영상 #웃긴동영상 #웃긴
#사연읽어주는여자 
#유머",남편이 병원을 찾아가 아내는 부부 관계를 너무 좋아해서 어떻게 해야 하냐고 묻자 의사는 돈을 받으면 요구도 적어질 것이라고 말했다 
24,쿨한 보조개 그녀의 춤 신청 | 지루박도 가뿐한 송해,숑츠,https://www.youtube.com/watch?v=mitsttavYMs,https://www.youtube.com/channel/UCE1i1vvp21dIagaHWiWvHbQ,533200,3125,https://img.youtube.com/vi/mitsttavYMs/hqdefault.jpg,PT57S,"#송해 #전국노래자랑 #안산



출처 :  KBS 전국노래자랑 

※ 비방, 공격성 댓글은 자동삭제될 수 있습니다",송혜 선생님과 지루박 한번 더 부탁드릴게요 송혜 선생님과 지루박 한번 더 부탁드릴게요 송혜 선생님과 지루박 한번 더 부탁드릴게요 송혜 선생님과 지루박 한번 더 부탁드릴게요 
1,"신작 ‘서울의 봄’, 극찬이 쏟아졌다! (출연배우 김의성)",[팟빵] 매불쇼,https://www.youtube.com/watch?v=8k4OaNANMW0,https://www.youtube.com/channel/UCMYhq9OyGI5UEz_NTAoHY7A,715044,23831,https://img.youtube.com/vi/8k4OaNANMW0/hqdefault.jpg,PT1H2M12S,"#최욱 #영화 #서울의봄 #매불쇼 #김의성

- 시네마 지옥 : 김의성 X 전찬일 X 라이너 X 거의없다
----------------------------------------------------------------
광고 문의 : ad@podbbang.com / 02-6903-9392
출연, 사연 등 기타 문의 : mbshow@podbbang.com
또는 인스타그램 @maebulshow 메시지 주세요 :)",영화 제 공화국은 역사적 사실을 그대로 진행하기 때문에 변화가 있거나 하지 않고 그대로 흘러간다 그리고 영화를 보면서 우리가 생각했던 것과 다르게 생각이 들었다 이런 생각이 든다 이런 생각이 든다
22,저녁만 먹고 들어갔는데,썰푸는 라디오,https://www.youtube.com/watch?v=9PquVJbM030,https://www.youtube.com/channel/UCvzhuZ8mhpg-Z7o-1rBzZlQ,433219,9461,https://img.youtube.com/vi/9PquVJbM030/hqdefault.jpg,PT31S,.,공처가 회식에 간 공처가가 음식이 나오고 막 숟가락을 들려고 하는데 마누라가 왜 안 오냐고 문자로 쏘아붙였다 남편은 저녁만 먹고 가겠다고 문자를 보냈고 집에 도착했는데 현관에 들어서자마자 마누라가 싸대기를 때렸다
1,아내의 시신을 살인자 앞에서 오열하며 수습하는 남편 #미스터션샤인,모두의짤,https://www.youtube.com/watch?v=RmRvls_0Cw0,https://www.youtube.com/channel/UC5zCMc7wK_BHKcPQ7g6UjSw,625674,9990,https://img.youtube.com/vi/RmRvls_0Cw0/hqdefault.jpg,PT1M,#shorts,유지는 분노하며 리카이 그게라 분노하고 격지가 벌어지는데 군은 상대인 뭔지 승 람이 생각지도 못했는데 답이 나와 말 안하며 아내 홍파 신을 직접 수습하는 승
24,돈 좀 있는 사람이 알바를 보는 시선 #마이데몬 #김유성 #송강,드라마 핫쇼츠,https://www.youtube.com/watch?v=1BaacJZkh6w,https://www.youtube.com/channel/UCMMx5jGFIQn8UNBg8sGvpmQ,872832,13069,https://img.youtube.com/vi/1BaacJZkh6w/hqdefault.jpg,PT1M,"#shorts #마이데몬 #김유정 #송강 #이상이 #김해숙 #조혜주

악마 같은’ 재벌 상속녀 도도희와 한순간 능력을 잃어버린 ‘악마’ 구원이 계약 결혼을 하며 벌어지는 판타지 로맨틱 코미디",2023년 대한민국 식품부문 최고 경영인상 수상자서는 비서 번호로 쥐꼬리만한 월급으로 술값 내려 카드값 내려 그쪽 머릿 수치 세월을 정통으로 맞을 생각을 하니 가슴이 아프다.
1,패드립 치는 조대비 참교육 하는 중전 #shorts,허니쇼츠 - 영화 드라마 명장면,https://www.youtube.com/watch?v=eAT5-nugO50,https://www.youtube.com/channel/UCY6Q4_f7O4IUaABhfvQOdGQ,504559,13517,https://img.youtube.com/vi/eAT5-nugO50/hqdefault.jpg,PT1M,#철인왕후 #신혜선 #김정현 #배종옥 #김태우 #설인아 #나인우,선왕들의 제사를 지내는 신성한 곳에 화려한 차림으로 오는 건 신뢰란 말이다 함부 하러 갈 땐 빡세게 꾸미고 가는 게 국물이라 함부 하러 갈 땐 빡세게 꾸미고 가는 게 국물이라 아 뜨거 뜨거워 
22,부부가 깜짝 놀란 이유 #shorts #short #남편 #부부 #사연 #라디오 #유머 #재미 #웃긴영상 #웃긴 #재미있는 #이야기 #웃긴동영상 #웃음 #여자,별별라디오,https://www.youtube.com/watch?v=NLc-jmiqcaI,https://www.youtube.com/channel/UCCwqp4Zxm-uOitS1_pfYoew,102193,2218,https://img.youtube.com/vi/NLc-jmiqcaI/hqdefault.jpg,PT40S,부부가 깜짝 놀란 이유 #shorts #short #남편 #부부 #남자 #사연 #라디오 #유머 #재미 #웃긴영상 #웃긴 #재미있는 #이야기 #웃긴동영상 #웃음 #여자,신혼부부가 결혼 첫날 저녁상을 쳐다보지도 않고 신부를 보며 사랑을 나누었다 그 다음날도 그 다음날도 그런 일이 며칠 동안 계속되었다 
1,죄송한데.. 저 잘돼가는 분 있습니다!,총몇명,https://www.youtube.com/watch?v=mqofZmHpWiM,https://www.youtube.com/channel/UCRuSxVu4iqTK5kCh90ntAgA,1244935,35121,https://img.youtube.com/vi/mqofZmHpWiM/hqdefault.jpg,PT4M24S,"오늘 번외편도 시청해주셔서 감사드립니다!!

[총몇명 스튜디오]
총감독 : 총몇명 / 부감독 : 지카모토 / 제작진행 : 스노유진 / 스토리보드 : 주햄 / 작화 : 민수몬 / 배경 : 지서클 / 편집 : 연정 / 기획 : 총몇명, Belli, 센 / 사운드 : 총몇명, 세인러문 / 더빙 : 총몇명, Belli",성혁 씨 급한 일이 생겨서 영화를 못 볼 거 같다고 했는데 괜찮냐고 해서 미안하다고 했다 아 미안 나 집에 급한 일 있다고 했는데 괜찮냐고 했다 아 미안 나 간다 아 미안 나 간다 아 미안
1,최민식이 삥 뜯는 건달 처리하는 방법 #카지노 #디즈니플러스,펀메이커 - 영화 드라마 명장면,https://www.youtube.com/watch?v=Cd-A9Lj0Dz0,https://www.youtube.com/channel/UCKbT9HH7dXjttvPeyvGywZw,564998,5375,https://img.youtube.com/vi/Cd-A9Lj0Dz0/hqdefault.jpg,PT59S,#최민식 #손석구 #이동휘 #홍기준 #허성태 #이혜영 #오달수 #이문식,모주로 온 건 알겠는데 불 좀 빌릴 수 있을까요 음악 좀 빌릴 수 있을까요 사장님하고 다음에 가르쳐 줄게 저 또라이 가급적 상대하지 마세요 고맙습니다 
1,전교1등엄마가 학교에 날리는 사이다ㅋ #스물다섯스물하나,숏츠허니,https://www.youtube.com/watch?v=6SgADYBM2c0,https://www.youtube.com/channel/UCoLAzXUKxEevtB33xDRGQ-A,373639,6270,https://img.youtube.com/vi/6SgADYBM2c0/hqdefault.jpg,PT37S,#스물다섯스물하나 #김태리 #나희도 #최현욱 #남주혁 #백이진 #고유림 #보나 #명장면,뻔뻔하게 지자리 지키고 앉아 있으면서 딸한테 사과하라고 했다면서요 진정이 되겠냐고 진정이 되겠냐고 당신도 이런 선생 감싸고 도는 거 보면 한통 속이라고 진정이 되겠냐고 진정하라고 진정이 되겠냐고 진정하라고 했다 치자 진정이 되겠냐고 했다 치자 <extra_id_23><extra_id_23>거냐 <extra_id_23>
20,슈붕 vs 팥붕,고세구 GOSEGU,https://www.youtube.com/watch?v=PDdYJJIuBpk,https://www.youtube.com/channel/UCV9WL7sW6_KjanYkUUaIDfQ,253145,23506,https://img.youtube.com/vi/PDdYJJIuBpk/hqdefault.jpg,PT37S,"#이세돌 #이세계아이돌 #고세구 

응 슈붕이 진리야

-고세구 트위치
https://www.twitch.tv/gosegugosegu

-왁물원 링크
https://cafe.naver.com/steamindiegame

-고세구 비즈니스 메일
segugo.zip@gmail.com

-캐릭터 출처
作者名：「こまど」
Twitter:@komado_booth
(캐릭터 제작자님의 허가를 얻어 활동하고 있습니다)",슈붕 하나 주세요 우리 가게는 붕을 안 파는데 왜 안 팔아요 붕을 두고 만 원에 밥이나 팔고 있으니 장사한 잘 왔습니다 탁월게 하나 주세요 슈붕 하나 주세요 슈붕 하나 주세요 슈붕 하나 주세요 슈붕 하나 주세요 슈붕 하나 주세요 슈붕 하나 주세요 슈붕 하나 주세요 슈붕 하나 주세요 슈붕 하나 주세요 슈붕 하나 주세요 슈붕 하나 주세요 슈붕 하나 주세요 슈
22,시누이와 새언니 #shorts,함보숏,https://www.youtube.com/watch?v=CQqWWTw2R60,https://www.youtube.com/channel/UCNR5Sk28z_vaF7F5sESezSw,314684,2501,https://img.youtube.com/vi/CQqWWTw2R60/hqdefault.jpg,PT1M,#드라마 #신사의품격 #명장면 #옛드 #장동건 #김민종 #이종혁 #김수로 #윤세아 #윤진이,임태선 파이팅 임태선 파이 파 화팅 이겨라 화팅 
24,[9-10회 몰아보기] 죽은 줄만 알았던 친엄마의 정체를 알게 된 정유민과 파멸의 끝으로 가는 이민영 MBN 231126 방송,MBN Entertainment,https://www.youtube.com/watch?v=5gqxwq9iVYQ,https://www.youtube.com/channel/UCYyLIlOJyqkAFKlVjzX5img,276284,2007,https://img.youtube.com/vi/5gqxwq9iVYQ/hqdefault.jpg,PT27M34S,"MBN 주말 미니시리즈 ＜완벽한 결혼의 정석＞｜회귀 로맨스 복수극

여동생의 곁에 있으려 나와 결혼한 남편. 
이를 알고도 능멸한 여동생과 나를 이용만 하던 부모까지!
모든 것이 끝날 줄 알았던 순간 그녀에게 두 번째 삶이 주어지고, 
그녀는 오직 복수를 위해 한 남자를 선택하는데...

MBN 주말 미니시리즈 ＜완벽한 결혼의 정석＞ 토, 일 밤 9시 50분 방송

☞ MBN ENT : https://www.youtube.com/@MBN_Entertainment
☞ MBN DRAMA : https://www.youtube.com/@Drama_MBN
 
#완벽한결혼의정석#mbn#mbn드라마#주말드라마#성훈#막장#급전개#복수#흑화#회기#perfectmarriage
 
☞MBN NEWS 구독하기 : https://www.youtube.com/channel/UCG9aFJTZ-lMCHAiO1KJsirg?sub_confirmation=1
☞MPLAY 구독하기 : https://www.youtube.com/channel/UC84IlgY5HIzxKBZOt8XM5UA?sub_confirmation=1
☞MBN Entertainment 구독하기 : https://www.youtube.com/channel/UCYyLIlOJyqkAFKlVjzX5img?sub_confirmation=1
☞MBN 공식 홈페이지 : https://www.mbn.co.kr",회사 경영을 전문 경영인에게 맡기려고 하는데 이 씨가 준 서류는 가짜라고 이 씨가 말했다.
